"date","keyword","score","geo","attribute"
"2026-09-05","上班穿搭","22","TW","occasion:commute"
"2026-09-05","女性穿搭","5","TW","style:feminine"
"2026-09-05","中性穿搭","8","TW","style:neutral"
"2026-09-05","丹寧穿搭","0","TW","item:denim"
"2026-09-05","戶外穿搭","0","TW","style:outdoor"
"2026-09-05","日系穿搭","18","TW","style:japanese"
"2026-09-05","牛仔褲穿搭","39","TW","item:denim"
"2026-09-05","正式穿搭","29","TW","style:formal"
"2026-09-05","白色穿搭","29","TW","color:white"
"2026-09-05","休閒穿搭","70","TW","style:casual"
"2026-09-05","灰色穿搭","27","TW","color:gray"
"2026-09-05","米色穿搭","8","TW","color:beige"
"2026-09-05","芭蕾風穿搭","0","TW","style:balletcore"
"2026-09-05","長裙穿搭","18","TW","item:long_skirt"
"2026-09-05","約會穿搭","0","TW","occasion:date"
"2026-09-05","面試穿搭","7","TW","occasion:interview"
"2026-09-05","旅行穿搭","0","TW","occasion:travel"
"2026-09-05","針織穿搭","11","TW","item:knitwear"
"2026-09-05","婚禮穿搭","57","TW","occasion:wedding"
"2026-09-05","通勤穿搭","0","TW","occasion:commute"
"2026-09-05","復古穿搭","10","TW","style:retro"
"2026-09-05","街頭穿搭","5","TW","style:street"
"2026-09-05","黑色穿搭","33","TW","color:black"
"2026-09-05","極簡穿搭","0","TW","style:minimal"
"2026-09-05","運動穿搭","19","TW","style:sporty"
"2026-09-05","寬褲穿搭","15","TW","item:wide_pants"
"2026-09-05","寬鬆穿搭","0","TW","style:relaxed"
"2026-09-05","層次穿搭","0","TW","style:layered"
"2026-09-05","機能風穿搭","0","TW","style:outdoor"
"2026-09-05","藍色穿搭","16","TW","color:blue"
"2026-09-05","襯衫穿搭","49","TW","item:shirt"
"2026-09-05","OL穿搭","0","TW","occasion:commute"
"2026-09-06","上班穿搭","22","TW","occasion:commute"
"2026-09-06","女性穿搭","4","TW","style:feminine"
"2026-09-06","中性穿搭","6","TW","style:neutral"
"2026-09-06","丹寧穿搭","0","TW","item:denim"
"2026-09-06","戶外穿搭","0","TW","style:outdoor"
"2026-09-06","日系穿搭","24","TW","style:japanese"
"2026-09-06","牛仔褲穿搭","39","TW","item:denim"
"2026-09-06","正式穿搭","27","TW","style:formal"
"2026-09-06","白色穿搭","27","TW","color:white"
"2026-09-06","休閒穿搭","87","TW","style:casual"
"2026-09-06","灰色穿搭","27","TW","color:gray"
"2026-09-06","米色穿搭","6","TW","color:beige"
"2026-09-06","芭蕾風穿搭","0","TW","style:balletcore"
"2026-09-06","長裙穿搭","16","TW","item:long_skirt"
"2026-09-06","約會穿搭","0","TW","occasion:date"
"2026-09-06","面試穿搭","0","TW","occasion:interview"
"2026-09-06","旅行穿搭","0","TW","occasion:travel"
"2026-09-06","針織穿搭","13","TW","item:knitwear"
"2026-09-06","婚禮穿搭","56","TW","occasion:wedding"
"2026-09-06","通勤穿搭","0","TW","occasion:commute"
"2026-09-06","復古穿搭","9","TW","style:retro"
"2026-09-06","街頭穿搭","6","TW","style:street"
"2026-09-06","黑色穿搭","37","TW","color:black"
"2026-09-06","極簡穿搭","0","TW","style:minimal"
"2026-09-06","運動穿搭","24","TW","style:sporty"
"2026-09-06","寬褲穿搭","15","TW","item:wide_pants"
"2026-09-06","寬鬆穿搭","7","TW","style:relaxed"
"2026-09-06","層次穿搭","0","TW","style:layered"
"2026-09-06","機能風穿搭","0","TW","style:outdoor"
"2026-09-06","藍色穿搭","15","TW","color:blue"
"2026-09-06","襯衫穿搭","51","TW","item:shirt"
"2026-09-06","OL穿搭","0","TW","occasion:commute"
"2026-09-07","上班穿搭","14","TW","occasion:commute"
"2026-09-07","女性穿搭","4","TW","style:feminine"
"2026-09-07","中性穿搭","6","TW","style:neutral"
"2026-09-07","丹寧穿搭","0","TW","item:denim"
"2026-09-07","戶外穿搭","0","TW","style:outdoor"
"2026-09-07","日系穿搭","14","TW","style:japanese"
"2026-09-07","牛仔褲穿搭","24","TW","item:denim"
"2026-09-07","正式穿搭","20","TW","style:formal"
"2026-09-07","白色穿搭","19","TW","color:white"
"2026-09-07","休閒穿搭","52","TW","style:casual"
"2026-09-07","灰色穿搭","15","TW","color:gray"
"2026-09-07","米色穿搭","4","TW","color:beige"
"2026-09-07","芭蕾風穿搭","0","TW","style:balletcore"
"2026-09-07","長裙穿搭","13","TW","item:long_skirt"
"2026-09-07","約會穿搭","0","TW","occasion:date"
"2026-09-07","面試穿搭","6","TW","occasion:interview"
"2026-09-07","旅行穿搭","0","TW","occasion:travel"
"2026-09-07","針織穿搭","7","TW","item:knitwear"
"2026-09-07","婚禮穿搭","48","TW","occasion:wedding"
"2026-09-07","通勤穿搭","0","TW","occasion:commute"
"2026-09-07","復古穿搭","8","TW","style:retro"
"2026-09-07","街頭穿搭","0","TW","style:street"
"2026-09-07","黑色穿搭","25","TW","color:black"
"2026-09-07","極簡穿搭","0","TW","style:minimal"
"2026-09-07","運動穿搭","13","TW","style:sporty"
"2026-09-07","寬褲穿搭","11","TW","item:wide_pants"
"2026-09-07","寬鬆穿搭","0","TW","style:relaxed"
"2026-09-07","層次穿搭","0","TW","style:layered"
"2026-09-07","機能風穿搭","0","TW","style:outdoor"
"2026-09-07","藍色穿搭","13","TW","color:blue"
"2026-09-07","襯衫穿搭","37","TW","item:shirt"
"2026-09-07","OL穿搭","0","TW","occasion:commute"
"2026-09-08","上班穿搭","11","TW","occasion:commute"
"2026-09-08","女性穿搭","0","TW","style:feminine"
"2026-09-08","中性穿搭","4","TW","style:neutral"
"2026-09-08","丹寧穿搭","0","TW","item:denim"
"2026-09-08","戶外穿搭","0","TW","style:outdoor"
"2026-09-08","日系穿搭","19","TW","style:japanese"
"2026-09-08","牛仔褲穿搭","28","TW","item:denim"
"2026-09-08","正式穿搭","0","TW","style:formal"
"2026-09-08","白色穿搭","21","TW","color:white"
"2026-09-08","休閒穿搭","79","TW","style:casual"
"2026-09-08","灰色穿搭","15","TW","color:gray"
"2026-09-08","米色穿搭","6","TW","color:beige"
"2026-09-08","芭蕾風穿搭","0","TW","style:balletcore"
"2026-09-08","長裙穿搭","12","TW","item:long_skirt"
"2026-09-08","約會穿搭","0","TW","occasion:date"
"2026-09-08","面試穿搭","10","TW","occasion:interview"
"2026-09-08","旅行穿搭","0","TW","occasion:travel"
"2026-09-08","針織穿搭","7","TW","item:knitwear"
"2026-09-08","婚禮穿搭","42","TW","occasion:wedding"
"2026-09-08","通勤穿搭","0","TW","occasion:commute"
"2026-09-08","復古穿搭","6","TW","style:retro"
"2026-09-08","街頭穿搭","0","TW","style:street"
"2026-09-08","黑色穿搭","25","TW","color:black"
"2026-09-08","極簡穿搭","0","TW","style:minimal"
"2026-09-08","運動穿搭","16","TW","style:sporty"
"2026-09-08","寬褲穿搭","14","TW","item:wide_pants"
"2026-09-08","寬鬆穿搭","4","TW","style:relaxed"
"2026-09-08","層次穿搭","0","TW","style:layered"
"2026-09-08","機能風穿搭","0","TW","style:outdoor"
"2026-09-08","藍色穿搭","14","TW","color:blue"
"2026-09-08","襯衫穿搭","32","TW","item:shirt"
"2026-09-08","OL穿搭","6","TW","occasion:commute"
"2026-09-09","上班穿搭","14","TW","occasion:commute"
"2026-09-09","女性穿搭","5","TW","style:feminine"
"2026-09-09","中性穿搭","0","TW","style:neutral"
"2026-09-09","丹寧穿搭","0","TW","item:denim"
"2026-09-09","戶外穿搭","0","TW","style:outdoor"
"2026-09-09","日系穿搭","17","TW","style:japanese"
"2026-09-09","牛仔褲穿搭","24","TW","item:denim"
"2026-09-09","正式穿搭","19","TW","style:formal"
"2026-09-09","白色穿搭","19","TW","color:white"
"2026-09-09","休閒穿搭","79","TW","style:casual"
"2026-09-09","灰色穿搭","18","TW","color:gray"
"2026-09-09","米色穿搭","4","TW","color:beige"
"2026-09-09","芭蕾風穿搭","0","TW","style:balletcore"
"2026-09-09","長裙穿搭","16","TW","item:long_skirt"
"2026-09-09","約會穿搭","0","TW","occasion:date"
"2026-09-09","面試穿搭","0","TW","occasion:interview"
"2026-09-09","旅行穿搭","0","TW","occasion:travel"
"2026-09-09","針織穿搭","10","TW","item:knitwear"
"2026-09-09","婚禮穿搭","47","TW","occasion:wedding"
"2026-09-09","通勤穿搭","0","TW","occasion:commute"
"2026-09-09","復古穿搭","9","TW","style:retro"
"2026-09-09","街頭穿搭","0","TW","style:street"
"2026-09-09","黑色穿搭","26","TW","color:black"
"2026-09-09","極簡穿搭","0","TW","style:minimal"
"2026-09-09","運動穿搭","12","TW","style:sporty"
"2026-09-09","寬褲穿搭","12","TW","item:wide_pants"
"2026-09-09","寬鬆穿搭","0","TW","style:relaxed"
"2026-09-09","層次穿搭","0","TW","style:layered"
"2026-09-09","機能風穿搭","0","TW","style:outdoor"
"2026-09-09","藍色穿搭","15","TW","color:blue"
"2026-09-09","襯衫穿搭","39","TW","item:shirt"
"2026-09-09","OL穿搭","0","TW","occasion:commute"
"2026-09-10","上班穿搭","10","TW","occasion:commute"
"2026-09-10","女性穿搭","6","TW","style:feminine"
"2026-09-10","中性穿搭","0","TW","style:neutral"
"2026-09-10","丹寧穿搭","0","TW","item:denim"
"2026-09-10","戶外穿搭","0","TW","style:outdoor"
"2026-09-10","日系穿搭","17","TW","style:japanese"
"2026-09-10","牛仔褲穿搭","32","TW","item:denim"
"2026-09-10","正式穿搭","0","TW","style:formal"
"2026-09-10","白色穿搭","18","TW","color:white"
"2026-09-10","休閒穿搭","59","TW","style:casual"
"2026-09-10","灰色穿搭","17","TW","color:gray"
"2026-09-10","米色穿搭","7","TW","color:beige"
"2026-09-10","芭蕾風穿搭","0","TW","style:balletcore"
"2026-09-10","長裙穿搭","11","TW","item:long_skirt"
"2026-09-10","約會穿搭","0","TW","occasion:date"
"2026-09-10","面試穿搭","7","TW","occasion:interview"
"2026-09-10","旅行穿搭","0","TW","occasion:travel"
"2026-09-10","針織穿搭","6","TW","item:knitwear"
"2026-09-10","婚禮穿搭","48","TW","occasion:wedding"
"2026-09-10","通勤穿搭","0","TW","occasion:commute"
"2026-09-10","復古穿搭","5","TW","style:retro"
"2026-09-10","街頭穿搭","0","TW","style:street"
"2026-09-10","黑色穿搭","28","TW","color:black"
"2026-09-10","極簡穿搭","0","TW","style:minimal"
"2026-09-10","運動穿搭","16","TW","style:sporty"
"2026-09-10","寬褲穿搭","12","TW","item:wide_pants"
"2026-09-10","寬鬆穿搭","0","TW","style:relaxed"
"2026-09-10","層次穿搭","0","TW","style:layered"
"2026-09-10","機能風穿搭","0","TW","style:outdoor"
"2026-09-10","藍色穿搭","14","TW","color:blue"
"2026-09-10","襯衫穿搭","39","TW","item:shirt"
"2026-09-10","OL穿搭","0","TW","occasion:commute"
"2026-09-11","上班穿搭","10","TW","occasion:commute"
"2026-09-11","女性穿搭","5","TW","style:feminine"
"2026-09-11","中性穿搭","0","TW","style:neutral"
"2026-09-11","丹寧穿搭","0","TW","item:denim"
"2026-09-11","戶外穿搭","0","TW","style:outdoor"
"2026-09-11","日系穿搭","21","TW","style:japanese"
"2026-09-11","牛仔褲穿搭","28","TW","item:denim"
"2026-09-11","正式穿搭","0","TW","style:formal"
"2026-09-11","白色穿搭","22","TW","color:white"
"2026-09-11","休閒穿搭","57","TW","style:casual"
"2026-09-11","灰色穿搭","22","TW","color:gray"
"2026-09-11","米色穿搭","6","TW","color:beige"
"2026-09-11","芭蕾風穿搭","0","TW","style:balletcore"
"2026-09-11","長裙穿搭","15","TW","item:long_skirt"
"2026-09-11","約會穿搭","0","TW","occasion:date"
"2026-09-11","面試穿搭","10","TW","occasion:interview"
"2026-09-11","旅行穿搭","0","TW","occasion:travel"
"2026-09-11","針織穿搭","8","TW","item:knitwear"
"2026-09-11","婚禮穿搭","78","TW","occasion:wedding"
"2026-09-11","通勤穿搭","0","TW","occasion:commute"
"2026-09-11","復古穿搭","13","TW","style:retro"
"2026-09-11","街頭穿搭","5","TW","style:street"
"2026-09-11","黑色穿搭","36","TW","color:black"
"2026-09-11","極簡穿搭","0","TW","style:minimal"
"2026-09-11","運動穿搭","19","TW","style:sporty"
"2026-09-11","寬褲穿搭","13","TW","item:wide_pants"
"2026-09-11","寬鬆穿搭","6","TW","style:relaxed"
"2026-09-11","層次穿搭","0","TW","style:layered"
"2026-09-11","機能風穿搭","0","TW","style:outdoor"
"2026-09-11","藍色穿搭","16","TW","color:blue"
"2026-09-11","襯衫穿搭","39","TW","item:shirt"
"2026-09-11","OL穿搭","0","TW","occasion:commute"
"2026-09-12","上班穿搭","10","TW","occasion:commute"
"2026-09-12","女性穿搭","0","TW","style:feminine"
"2026-09-12","中性穿搭","5","TW","style:neutral"
"2026-09-12","丹寧穿搭","0","TW","item:denim"
"2026-09-12","戶外穿搭","0","TW","style:outdoor"
"2026-09-12","日系穿搭","24","TW","style:japanese"
"2026-09-12","牛仔褲穿搭","47","TW","item:denim"
"2026-09-12","正式穿搭","28","TW","style:formal"
"2026-09-12","白色穿搭","30","TW","color:white"
"2026-09-12","休閒穿搭","100","TW","style:casual"
"2026-09-12","灰色穿搭","29","TW","color:gray"
"2026-09-12","米色穿搭","7","TW","color:beige"
"2026-09-12","芭蕾風穿搭","0","TW","style:balletcore"
"2026-09-12","長裙穿搭","16","TW","item:long_skirt"
"2026-09-12","約會穿搭","0","TW","occasion:date"
"2026-09-12","面試穿搭","0","TW","occasion:interview"
"2026-09-12","旅行穿搭","0","TW","occasion:travel"
"2026-09-12","針織穿搭","12","TW","item:knitwear"
"2026-09-12","婚禮穿搭","80","TW","occasion:wedding"
"2026-09-12","通勤穿搭","0","TW","occasion:commute"
"2026-09-12","復古穿搭","8","TW","style:retro"
"2026-09-12","街頭穿搭","0","TW","style:street"
"2026-09-12","黑色穿搭","45","TW","color:black"
"2026-09-12","極簡穿搭","0","TW","style:minimal"
"2026-09-12","運動穿搭","16","TW","style:sporty"
"2026-09-12","寬褲穿搭","21","TW","item:wide_pants"
"2026-09-12","寬鬆穿搭","7","TW","style:relaxed"
"2026-09-12","層次穿搭","0","TW","style:layered"
"2026-09-12","機能風穿搭","0","TW","style:outdoor"
"2026-09-12","藍色穿搭","19","TW","color:blue"
"2026-09-12","襯衫穿搭","55","TW","item:shirt"
"2026-09-12","OL穿搭","0","TW","occasion:commute"
"2026-09-13","上班穿搭","15","TW","occasion:commute"
"2026-09-13","女性穿搭","7","TW","style:feminine"
"2026-09-13","中性穿搭","0","TW","style:neutral"
"2026-09-13","丹寧穿搭","0","TW","item:denim"
"2026-09-13","戶外穿搭","0","TW","style:outdoor"
"2026-09-13","日系穿搭","28","TW","style:japanese"
"2026-09-13","牛仔褲穿搭","35","TW","item:denim"
"2026-09-13","正式穿搭","0","TW","style:formal"
"2026-09-13","白色穿搭","25","TW","color:white"
"2026-09-13","休閒穿搭","95","TW","style:casual"
"2026-09-13","灰色穿搭","28","TW","color:gray"
"2026-09-13","米色穿搭","8","TW","color:beige"
"2026-09-13","芭蕾風穿搭","0","TW","style:balletcore"
"2026-09-13","長裙穿搭","23","TW","item:long_skirt"
"2026-09-13","約會穿搭","0","TW","occasion:date"
"2026-09-13","面試穿搭","0","TW","occasion:interview"
"2026-09-13","旅行穿搭","0","TW","occasion:travel"
"2026-09-13","針織穿搭","9","TW","item:knitwear"
"2026-09-13","婚禮穿搭","55","TW","occasion:wedding"
"2026-09-13","通勤穿搭","0","TW","occasion:commute"
"2026-09-13","復古穿搭","10","TW","style:retro"
"2026-09-13","街頭穿搭","0","TW","style:street"
"2026-09-13","黑色穿搭","40","TW","color:black"
"2026-09-13","極簡穿搭","0","TW","style:minimal"
"2026-09-13","運動穿搭","25","TW","style:sporty"
"2026-09-13","寬褲穿搭","15","TW","item:wide_pants"
"2026-09-13","寬鬆穿搭","6","TW","style:relaxed"
"2026-09-13","層次穿搭","0","TW","style:layered"
"2026-09-13","機能風穿搭","0","TW","style:outdoor"
"2026-09-13","藍色穿搭","17","TW","color:blue"
"2026-09-13","襯衫穿搭","49","TW","item:shirt"
"2026-09-13","OL穿搭","0","TW","occasion:commute"
"2026-09-14","上班穿搭","16","TW","occasion:commute"
"2026-09-14","女性穿搭","7","TW","style:feminine"
"2026-09-14","中性穿搭","0","TW","style:neutral"
"2026-09-14","丹寧穿搭","0","TW","item:denim"
"2026-09-14","戶外穿搭","0","TW","style:outdoor"
"2026-09-14","日系穿搭","26","TW","style:japanese"
"2026-09-14","牛仔褲穿搭","22","TW","item:denim"
"2026-09-14","正式穿搭","0","TW","style:formal"
"2026-09-14","白色穿搭","17","TW","color:white"
"2026-09-14","休閒穿搭","41","TW","style:casual"
"2026-09-14","灰色穿搭","19","TW","color:gray"
"2026-09-14","米色穿搭","4","TW","color:beige"
"2026-09-14","芭蕾風穿搭","0","TW","style:balletcore"
"2026-09-14","長裙穿搭","10","TW","item:long_skirt"
"2026-09-14","約會穿搭","0","TW","occasion:date"
"2026-09-14","面試穿搭","0","TW","occasion:interview"
"2026-09-14","旅行穿搭","0","TW","occasion:travel"
"2026-09-14","針織穿搭","7","TW","item:knitwear"
"2026-09-14","婚禮穿搭","45","TW","occasion:wedding"
"2026-09-14","通勤穿搭","0","TW","occasion:commute"
"2026-09-14","復古穿搭","6","TW","style:retro"
"2026-09-14","街頭穿搭","5","TW","style:street"
"2026-09-14","黑色穿搭","28","TW","color:black"
"2026-09-14","極簡穿搭","0","TW","style:minimal"
"2026-09-14","運動穿搭","17","TW","style:sporty"
"2026-09-14","寬褲穿搭","13","TW","item:wide_pants"
"2026-09-14","寬鬆穿搭","0","TW","style:relaxed"
"2026-09-14","層次穿搭","0","TW","style:layered"
"2026-09-14","機能風穿搭","0","TW","style:outdoor"
"2026-09-14","藍色穿搭","14","TW","color:blue"
"2026-09-14","襯衫穿搭","35","TW","item:shirt"
"2026-09-14","OL穿搭","0","TW","occasion:commute"
"2026-09-15","上班穿搭","10","TW","occasion:commute"
"2026-09-15","女性穿搭","6","TW","style:feminine"
"2026-09-15","中性穿搭","4","TW","style:neutral"
"2026-09-15","丹寧穿搭","0","TW","item:denim"
"2026-09-15","戶外穿搭","0","TW","style:outdoor"
"2026-09-15","日系穿搭","18","TW","style:japanese"
"2026-09-15","牛仔褲穿搭","28","TW","item:denim"
"2026-09-15","正式穿搭","24","TW","style:formal"
"2026-09-15","白色穿搭","19","TW","color:white"
"2026-09-15","休閒穿搭","58","TW","style:casual"
"2026-09-15","灰色穿搭","21","TW","color:gray"
"2026-09-15","米色穿搭","5","TW","color:beige"
"2026-09-15","芭蕾風穿搭","0","TW","style:balletcore"
"2026-09-15","長裙穿搭","12","TW","item:long_skirt"
"2026-09-15","約會穿搭","0","TW","occasion:date"
"2026-09-15","面試穿搭","12","TW","occasion:interview"
"2026-09-15","旅行穿搭","0","TW","occasion:travel"
"2026-09-15","針織穿搭","7","TW","item:knitwear"
"2026-09-15","婚禮穿搭","40","TW","occasion:wedding"
"2026-09-15","通勤穿搭","0","TW","occasion:commute"
"2026-09-15","復古穿搭","11","TW","style:retro"
"2026-09-15","街頭穿搭","0","TW","style:street"
"2026-09-15","黑色穿搭","30","TW","color:black"
"2026-09-15","極簡穿搭","0","TW","style:minimal"
"2026-09-15","運動穿搭","17","TW","style:sporty"
"2026-09-15","寬褲穿搭","12","TW","item:wide_pants"
"2026-09-15","寬鬆穿搭","4","TW","style:relaxed"
"2026-09-15","層次穿搭","0","TW","style:layered"
"2026-09-15","機能風穿搭","0","TW","style:outdoor"
"2026-09-15","藍色穿搭","12","TW","color:blue"
"2026-09-15","襯衫穿搭","39","TW","item:shirt"
"2026-09-15","OL穿搭","0","TW","occasion:commute"
"2026-09-16","上班穿搭","14","TW","occasion:commute"
"2026-09-16","女性穿搭","6","TW","style:feminine"
"2026-09-16","中性穿搭","4","TW","style:neutral"
"2026-09-16","丹寧穿搭","0","TW","item:denim"
"2026-09-16","戶外穿搭","0","TW","style:outdoor"
"2026-09-16","日系穿搭","16","TW","style:japanese"
"2026-09-16","牛仔褲穿搭","23","TW","item:denim"
"2026-09-16","正式穿搭","22","TW","style:formal"
"2026-09-16","白色穿搭","20","TW","color:white"
"2026-09-16","休閒穿搭","61","TW","style:casual"
"2026-09-16","灰色穿搭","19","TW","color:gray"
"2026-09-16","米色穿搭","5","TW","color:beige"
"2026-09-16","芭蕾風穿搭","0","TW","style:balletcore"
"2026-09-16","長裙穿搭","14","TW","item:long_skirt"
"2026-09-16","約會穿搭","0","TW","occasion:date"
"2026-09-16","面試穿搭","7","TW","occasion:interview"
"2026-09-16","旅行穿搭","0","TW","occasion:travel"
"2026-09-16","針織穿搭","7","TW","item:knitwear"
"2026-09-16","婚禮穿搭","38","TW","occasion:wedding"
"2026-09-16","通勤穿搭","0","TW","occasion:commute"
"2026-09-16","復古穿搭","12","TW","style:retro"
"2026-09-16","街頭穿搭","7","TW","style:street"
"2026-09-16","黑色穿搭","25","TW","color:black"
"2026-09-16","極簡穿搭","0","TW","style:minimal"
"2026-09-16","運動穿搭","15","TW","style:sporty"
"2026-09-16","寬褲穿搭","16","TW","item:wide_pants"
"2026-09-16","寬鬆穿搭","5","TW","style:relaxed"
"2026-09-16","層次穿搭","0","TW","style:layered"
"2026-09-16","機能風穿搭","0","TW","style:outdoor"
"2026-09-16","藍色穿搭","15","TW","color:blue"
"2026-09-16","襯衫穿搭","37","TW","item:shirt"
"2026-09-16","OL穿搭","0","TW","occasion:commute"
"2026-09-17","上班穿搭","11","TW","occasion:commute"
"2026-09-17","女性穿搭","7","TW","style:feminine"
"2026-09-17","中性穿搭","0","TW","style:neutral"
"2026-09-17","丹寧穿搭","0","TW","item:denim"
"2026-09-17","戶外穿搭","0","TW","style:outdoor"
"2026-09-17","日系穿搭","16","TW","style:japanese"
"2026-09-17","牛仔褲穿搭","30","TW","item:denim"
"2026-09-17","正式穿搭","38","TW","style:formal"
"2026-09-17","白色穿搭","21","TW","color:white"
"2026-09-17","休閒穿搭","57","TW","style:casual"
"2026-09-17","灰色穿搭","16","TW","color:gray"
"2026-09-17","米色穿搭","5","TW","color:beige"
"2026-09-17","芭蕾風穿搭","0","TW","style:balletcore"
"2026-09-17","長裙穿搭","9","TW","item:long_skirt"
"2026-09-17","約會穿搭","0","TW","occasion:date"
"2026-09-17","面試穿搭","9","TW","occasion:interview"
"2026-09-17","旅行穿搭","0","TW","occasion:travel"
"2026-09-17","針織穿搭","7","TW","item:knitwear"
"2026-09-17","婚禮穿搭","35","TW","occasion:wedding"
"2026-09-17","通勤穿搭","0","TW","occasion:commute"
"2026-09-17","復古穿搭","13","TW","style:retro"
"2026-09-17","街頭穿搭","6","TW","style:street"
"2026-09-17","黑色穿搭","29","TW","color:black"
"2026-09-17","極簡穿搭","0","TW","style:minimal"
"2026-09-17","運動穿搭","16","TW","style:sporty"
"2026-09-17","寬褲穿搭","13","TW","item:wide_pants"
"2026-09-17","寬鬆穿搭","4","TW","style:relaxed"
"2026-09-17","層次穿搭","0","TW","style:layered"
"2026-09-17","機能風穿搭","0","TW","style:outdoor"
"2026-09-17","藍色穿搭","15","TW","color:blue"
"2026-09-17","襯衫穿搭","43","TW","item:shirt"
"2026-09-17","OL穿搭","6","TW","occasion:commute"
"2026-09-18","上班穿搭","10","TW","occasion:commute"
"2026-09-18","女性穿搭","9","TW","style:feminine"
"2026-09-18","中性穿搭","0","TW","style:neutral"
"2026-09-18","丹寧穿搭","0","TW","item:denim"
"2026-09-18","戶外穿搭","0","TW","style:outdoor"
"2026-09-18","日系穿搭","18","TW","style:japanese"
"2026-09-18","牛仔褲穿搭","36","TW","item:denim"
"2026-09-18","正式穿搭","0","TW","style:formal"
"2026-09-18","白色穿搭","17","TW","color:white"
"2026-09-18","休閒穿搭","71","TW","style:casual"
"2026-09-18","灰色穿搭","18","TW","color:gray"
"2026-09-18","米色穿搭","5","TW","color:beige"
"2026-09-18","芭蕾風穿搭","0","TW","style:balletcore"
"2026-09-18","長裙穿搭","16","TW","item:long_skirt"
"2026-09-18","約會穿搭","0","TW","occasion:date"
"2026-09-18","面試穿搭","0","TW","occasion:interview"
"2026-09-18","旅行穿搭","0","TW","occasion:travel"
"2026-09-18","針織穿搭","7","TW","item:knitwear"
"2026-09-18","婚禮穿搭","50","TW","occasion:wedding"
"2026-09-18","通勤穿搭","0","TW","occasion:commute"
"2026-09-18","復古穿搭","19","TW","style:retro"
"2026-09-18","街頭穿搭","0","TW","style:street"
"2026-09-18","黑色穿搭","31","TW","color:black"
"2026-09-18","極簡穿搭","0","TW","style:minimal"
"2026-09-18","運動穿搭","12","TW","style:sporty"
"2026-09-18","寬褲穿搭","14","TW","item:wide_pants"
"2026-09-18","寬鬆穿搭","0","TW","style:relaxed"
"2026-09-18","層次穿搭","0","TW","style:layered"
"2026-09-18","機能風穿搭","0","TW","style:outdoor"
"2026-09-18","藍色穿搭","16","TW","color:blue"
"2026-09-18","襯衫穿搭","36","TW","item:shirt"
"2026-09-18","OL穿搭","0","TW","occasion:commute"
